record,label,channel,band,m,bubble_entropy
tpehgt_p001,Preterm,S1,WBW,23,0.8334487336311918
tpehgt_p001,Preterm,S1,FWH,25,0.7396458999464706
tpehgt_p001,Preterm,S2,WBW,23,1.6071255939899751
tpehgt_p001,Preterm,S2,FWH,24,0.8417678575229003
tpehgt_p001,Preterm,S3,WBW,26,0.8670818443868081
tpehgt_p001,Preterm,S3,FWH,24,0.8430642740125628
tpehgt_p002,Preterm,S1,WBW,23,0.9465905284791913
tpehgt_p002,Preterm,S1,FWH,25,0.7159897514469992
tpehgt_p002,Preterm,S2,WBW,23,0.8570191723798677
tpehgt_p002,Preterm,S2,FWH,24,0.6790179025561591
tpehgt_p002,Preterm,S3,WBW,26,0.7243241944232912
tpehgt_p002,Preterm,S3,FWH,24,0.7954543171132378
tpehgt_p003,Preterm,S1,WBW,23,0.8672400105094648
tpehgt_p003,Preterm,S1,FWH,25,0.7256411885088012
tpehgt_p003,Preterm,S2,WBW,23,0.8169426120621595
tpehgt_p003,Preterm,S2,FWH,24,0.7004197397464774
tpehgt_p003,Preterm,S3,WBW,26,0.8691675636376468
tpehgt_p003,Preterm,S3,FWH,24,0.7105168876024915
tpehgt_p004,Preterm,S1,WBW,23,0.9089861036399552
tpehgt_p004,Preterm,S1,FWH,25,0.8172197068195388
tpehgt_p004,Preterm,S2,WBW,23,0.9100642045783385
tpehgt_p004,Preterm,S2,FWH,24,0.8464150243101916
tpehgt_p004,Preterm,S3,WBW,26,0.7917410697443588
tpehgt_p004,Preterm,S3,FWH,24,0.787133878405139
tpehgt_p005,Preterm,S1,WBW,23,0.8904222867612464
tpehgt_p005,Preterm,S1,FWH,25,0.7284921255496856
tpehgt_p005,Preterm,S2,WBW,23,0.8560554356296108
tpehgt_p005,Preterm,S2,FWH,24,0.7583053652271524
tpehgt_p005,Preterm,S3,WBW,26,0.7658904605414293
tpehgt_p005,Preterm,S3,FWH,24,0.7762068411512763
tpehgt_p006,Preterm,S1,WBW,23,0.767568262180767
tpehgt_p006,Preterm,S1,FWH,25,0.6954893245932737
tpehgt_p006,Preterm,S2,WBW,23,0.8811799979733387
tpehgt_p006,Preterm,S2,FWH,24,0.7078582747142577
tpehgt_p006,Preterm,S3,WBW,26,0.862836964766384
tpehgt_p006,Preterm,S3,FWH,24,0.7708725536965187
tpehgt_p007,Preterm,S1,WBW,23,0.8984783988701806
tpehgt_p007,Preterm,S1,FWH,25,0.7246074610705399
tpehgt_p007,Preterm,S2,WBW,23,0.9262197218916043
tpehgt_p007,Preterm,S2,FWH,24,0.7501800062943573
tpehgt_p007,Preterm,S3,WBW,26,0.7195142473190618
tpehgt_p007,Preterm,S3,FWH,24,0.786859495468756
tpehgt_p008,Preterm,S1,WBW,23,1.0539771989844937
tpehgt_p008,Preterm,S1,FWH,25,0.9261621444144081
tpehgt_p008,Preterm,S2,WBW,23,0.9598060062681814
tpehgt_p008,Preterm,S2,FWH,24,0.6897856890034931
tpehgt_p008,Preterm,S3,WBW,26,0.8426112447207381
tpehgt_p008,Preterm,S3,FWH,24,0.957904043703324
tpehgt_p009,Preterm,S1,WBW,23,0.9186958826375385
tpehgt_p009,Preterm,S1,FWH,25,0.7704143355454729
tpehgt_p009,Preterm,S2,WBW,23,0.8544653917748242
tpehgt_p009,Preterm,S2,FWH,24,0.6899567128344963
tpehgt_p009,Preterm,S3,WBW,26,0.728252971627805
tpehgt_p009,Preterm,S3,FWH,24,0.8505024823395493
tpehgt_p010,Preterm,S1,WBW,23,0.9319447467122068
tpehgt_p010,Preterm,S1,FWH,25,0.89549807120798
tpehgt_p010,Preterm,S2,WBW,23,0.8492045656805076
tpehgt_p010,Preterm,S2,FWH,24,0.6872352474634753
tpehgt_p010,Preterm,S3,WBW,26,0.8540118876440551
tpehgt_p010,Preterm,S3,FWH,24,0.8381356087950089
tpehgt_p011,Preterm,S1,WBW,23,0.9665479864343267
tpehgt_p011,Preterm,S1,FWH,25,0.9457880510348993
tpehgt_p011,Preterm,S2,WBW,23,0.8325151029159149
tpehgt_p011,Preterm,S2,FWH,24,0.7216155936859356
tpehgt_p011,Preterm,S3,WBW,26,0.886326455376206
tpehgt_p011,Preterm,S3,FWH,24,0.829747103216196
tpehgt_p012,Preterm,S1,WBW,23,0.6926635275292463
tpehgt_p012,Preterm,S1,FWH,25,0.537058473048741
tpehgt_p012,Preterm,S2,WBW,23,0.7221038186120159
tpehgt_p012,Preterm,S2,FWH,24,0.5516775594765043
tpehgt_p012,Preterm,S3,WBW,26,0.6939954038379136
tpehgt_p012,Preterm,S3,FWH,24,0.5174714895000178
tpehgt_p013,Preterm,S1,WBW,23,0.8438983610619218
tpehgt_p013,Preterm,S1,FWH,25,0.7327327821620021
tpehgt_p013,Preterm,S2,WBW,23,0.8212273410779005
tpehgt_p013,Preterm,S2,FWH,24,0.7347614739017941
tpehgt_p013,Preterm,S3,WBW,26,0.8564537080708987
tpehgt_p013,Preterm,S3,FWH,24,0.782137012763794
tpehgt_t001,Term,S1,WBW,23,0.8863813286996879
tpehgt_t001,Term,S1,FWH,25,0.5901230687703269
tpehgt_t001,Term,S2,WBW,23,0.855813214975303
tpehgt_t001,Term,S2,FWH,24,0.79389247896705
tpehgt_t001,Term,S3,WBW,26,0.8868807990512521
tpehgt_t001,Term,S3,FWH,24,0.7065905600726305
tpehgt_t002,Term,S1,WBW,23,0.9448804191020423
tpehgt_t002,Term,S1,FWH,25,0.7405987688169139
tpehgt_t002,Term,S2,WBW,23,0.9228739950065767
tpehgt_t002,Term,S2,FWH,24,0.7575995053060604
tpehgt_t002,Term,S3,WBW,26,0.8523642138339724
tpehgt_t002,Term,S3,FWH,24,0.7526843234267111
tpehgt_t003,Term,S1,WBW,23,0.9918565078329533
tpehgt_t003,Term,S1,FWH,25,0.7211422166851051
tpehgt_t003,Term,S2,WBW,23,0.7710119694187314
tpehgt_t003,Term,S2,FWH,24,0.5086044761777029
tpehgt_t003,Term,S3,WBW,26,0.7838431953478369
tpehgt_t003,Term,S3,FWH,24,0.6888215576732462
tpehgt_t004,Term,S1,WBW,23,0.8418073509507071
tpehgt_t004,Term,S1,FWH,25,0.6928455812594982
tpehgt_t004,Term,S2,WBW,23,0.9262847689166711
tpehgt_t004,Term,S2,FWH,24,0.6713811402793108
tpehgt_t004,Term,S3,WBW,26,0.8288058677832979
tpehgt_t004,Term,S3,FWH,24,0.7495903063402996
tpehgt_t005,Term,S1,WBW,23,0.8519639582884648
tpehgt_t005,Term,S1,FWH,25,0.7630462890187049
tpehgt_t005,Term,S2,WBW,23,0.8739943063985096
tpehgt_t005,Term,S2,FWH,24,0.7546878939082333
tpehgt_t005,Term,S3,WBW,26,0.8752396132284703
tpehgt_t005,Term,S3,FWH,24,0.7610736632998822
tpehgt_t006,Term,S1,WBW,23,0.8534543430274988
tpehgt_t006,Term,S1,FWH,25,0.7415148709377368
tpehgt_t006,Term,S2,WBW,23,0.7505697971035813
tpehgt_t006,Term,S2,FWH,24,0.671546029243566
tpehgt_t006,Term,S3,WBW,26,0.8617326802725525
tpehgt_t006,Term,S3,FWH,24,0.7361906431681795
tpehgt_t007,Term,S1,WBW,23,0.8689820661870398
tpehgt_t007,Term,S1,FWH,25,0.7517412157520421
tpehgt_t007,Term,S2,WBW,23,0.8260186054177631
tpehgt_t007,Term,S2,FWH,24,0.714755548809807
tpehgt_t007,Term,S3,WBW,26,0.7666446020969033
tpehgt_t007,Term,S3,FWH,24,0.8053894343213325
tpehgt_t008,Term,S1,WBW,23,0.9934814822055973
tpehgt_t008,Term,S1,FWH,25,0.9108925503755456
tpehgt_t008,Term,S2,WBW,23,0.8209713294617722
tpehgt_t008,Term,S2,FWH,24,0.7504118588870778
tpehgt_t008,Term,S3,WBW,26,0.8124158510632384
tpehgt_t008,Term,S3,FWH,24,0.808807149786434
tpehgt_t009,Term,S1,WBW,23,0.8861014680958561
tpehgt_t009,Term,S1,FWH,25,0.7505031102596277
tpehgt_t009,Term,S2,WBW,23,0.8474633043592101
tpehgt_t009,Term,S2,FWH,24,0.7693328022629536
tpehgt_t009,Term,S3,WBW,26,0.7850451670390225
tpehgt_t009,Term,S3,FWH,24,0.7674252079561563
tpehgt_t010,Term,S1,WBW,23,0.9843000020171202
tpehgt_t010,Term,S1,FWH,25,0.89995956899323
tpehgt_t010,Term,S2,WBW,23,0.8333614305350427
tpehgt_t010,Term,S2,FWH,24,0.7388557681512966
tpehgt_t010,Term,S3,WBW,26,0.8990556558813766
tpehgt_t010,Term,S3,FWH,24,0.9481315775345518
tpehgt_t011,Term,S1,WBW,23,1.2134674748614906
tpehgt_t011,Term,S1,FWH,25,1.1395712429057654
tpehgt_t011,Term,S2,WBW,23,1.0349294939881792
tpehgt_t011,Term,S2,FWH,24,0.9363207866171883
tpehgt_t011,Term,S3,WBW,26,1.0491335049618953
tpehgt_t011,Term,S3,FWH,24,1.0713310251973795
tpehgt_t012,Term,S1,WBW,23,0.8992267739968302
tpehgt_t012,Term,S1,FWH,25,0.8148149263961144
tpehgt_t012,Term,S2,WBW,23,0.9397138397992025
tpehgt_t012,Term,S2,FWH,24,0.7934472700894322
tpehgt_t012,Term,S3,WBW,26,0.8495782768332019
tpehgt_t012,Term,S3,FWH,24,0.6946946529055608
tpehgt_t013,Term,S1,WBW,23,0.9930839313543149
tpehgt_t013,Term,S1,FWH,25,0.9429049851303892
tpehgt_t013,Term,S2,WBW,23,0.8977856195848442
tpehgt_t013,Term,S2,FWH,24,0.732286765484666
tpehgt_t013,Term,S3,WBW,26,0.8663880743950945
tpehgt_t013,Term,S3,FWH,24,0.8036559491886693
